Rowland Huel,RowlandHuel0,PST,false
Dr. Chasity Franecki,Dr.ChasityFranecki7,PST,false
Ursula Metz,UrsulaMetz3,PST,true
Tod Spinka,TodSpinka3,PST,false
Dayana Anderson,DayanaAnderson4,PST,false
Miss Cristopher Kemmer,MissCristopherKemmer4,PST,false
Shawn Keebler,ShawnKeebler5,PST,false
Veda Feeney,VedaFeeney0,PST,false
Kamryn Kozey,KamrynKozey9,PST,false
Cole Beahan,ColeBeahan4,PST,false
Carey Prosacco,CareyProsacco3,PST,true
Idella McLaughlin,IdellaMcLaughlin9,PST,false
Reggie McClure,ReggieMcClure2,PST,false
Alanna Blick,AlannaBlick5,PST,false
Laurel Kub,LaurelKub8,PST,false
Clovis Mertz IV,ClovisMertzIV1,PST,false
Elliot Jones,ElliotJones4,PST,false
Stacy Stoltenberg,StacyStoltenberg0,PST,false
Rachelle Rice,RachelleRice5,PST,false
Ray Dicki,RayDicki0,PST,false
Colin Carroll,ColinCarroll4,PST,false
Lucie Hessel,LucieHessel5,PST,false
Keshaun Turcotte,KeshaunTurcotte7,PST,true
Halle Daugherty,HalleDaugherty7,PST,false
Mr. Laurel Adams,Mr.LaurelAdams3,PST,false
Esteban Berge,EstebanBerge5,PST,false
Ms. Elian Bernhard,Ms.ElianBernhard8,PST,true
"Carmelo O'Kon","CarmeloO'Kon2",PST,false
Aliyah Zboncak,AliyahZboncak3,PST,false
Mr. Tobin Wilderman,Mr.TobinWilderman4,PST,false
Cale Koch,CaleKoch4,PST,false
Dolly Ratke,DollyRatke3,PST,false
Cynthia Hayes,CynthiaHayes0,PST,false
Sheridan Crist,SheridanCrist0,PST,false
Domingo Marquardt,DomingoMarquardt8,PST,false
Sean DuBuque,SeanDuBuque3,PST,false
Vance Bosco,VanceBosco1,PST,false
Brionna Kling,BrionnaKling1,PST,false
Ivy Gottlieb,IvyGottlieb1,PST,false
Keven Runte,KevenRunte7,PST,false
Hipolito Trantow,HipolitoTrantow2,PST,false
Dr. Norbert Harris,Dr.NorbertHarris6,PST,false
Danny Murray,DannyMurray1,PST,false
Naomie Hilpert I,NaomieHilpertI8,PST,false
Mr. Jakayla Rempel,Mr.JakaylaRempel0,PST,false
Santos Koepp Sr.,SantosKoeppSr.4,PST,false
Erika Rath,ErikaRath1,PST,false
Trudie Gerhold,TrudieGerhold4,PST,false
"Harmony D'Amore","HarmonyD'Amore7",PST,false
Agustina Schamberger,AgustinaSchamberger0,PST,false
Leonie Becker,LeonieBecker7,PST,false
Chelsie Grimes DVM,ChelsieGrimesDVM4,PST,false
Brycen Mann,BrycenMann4,PST,false
Ted Parisian,TedParisian3,PST,false
Trenton Kozey,TrentonKozey2,PST,false
Ms. Scotty Hyatt,Ms.ScottyHyatt8,PST,false
Anabel Yundt PhD,AnabelYundtPhD6,PST,false
Erica Gleichner,EricaGleichner9,PST,false
Otha Connelly,OthaConnelly4,PST,false
Karine Turner,KarineTurner8,PST,false
Darren Prohaska,DarrenProhaska8,PST,false
Reanna Barton,ReannaBarton9,PST,false
Amos Herman DDS,AmosHermanDDS0,PST,false
Brady King,BradyKing7,PST,false
Sonia Wiza V,SoniaWizaV9,PST,false
Martina Beatty,MartinaBeatty7,PST,false
Krista Vandervort,KristaVandervort6,PST,false
Lourdes Mueller,LourdesMueller0,PST,false
Johnathan Bradtke,JohnathanBradtke3,PST,false
Ted Davis,TedDavis5,PST,false
George Reynolds,GeorgeReynolds9,PST,false
Miss Marianna Rempel,MissMariannaRempel2,PST,true
Mrs. Keanu Brakus,Mrs.KeanuBrakus8,PST,false
Norval Schiller,NorvalSchiller9,PST,false
Carlie Leffler,CarlieLeffler6,PST,false
Wilbert Kiehn,WilbertKiehn7,PST,false
Salvatore McDermott,SalvatoreMcDermott5,PST,false
Ara Kuhn,AraKuhn9,PST,false
Major Morar,MajorMorar0,PST,false
Weston Kovacek,WestonKovacek9,PST,false
Jayson Wuckert,JaysonWuckert2,PST,false
Savanah Koepp,SavanahKoepp3,PST,false
Eden Predovic,EdenPredovic9,PST,false
Amy Nader,AmyNader2,PST,false
Claudia Kulas,ClaudiaKulas6,PST,true
Boris Schulist,BorisSchulist5,PST,false
Florida Sanford,FloridaSanford4,PST,false
Tyrique Greenholt,TyriqueGreenholt8,PST,false
Malcolm Hintz,MalcolmHintz8,PST,false
Adrienne Goodwin,AdrienneGoodwin9,PST,false
Carmen Lehner,CarmenLehner7,PST,false
Eldon Harber,EldonHarber6,PST,false
Salvador Runolfsson,SalvadorRunolfsson7,PST,false
Emory Hermiston,EmoryHermiston4,PST,false
Elva Spencer,ElvaSpencer5,PST,false
Earnestine Johnston,EarnestineJohnston7,PST,false
Amina Kling,AminaKling8,PST,true
Ted Kulas,TedKulas3,PST,false
Verla Bogan,VerlaBogan9,PST,false
Ms. Kathryn Gorczany,Ms.KathrynGorczany2,PST,false
Mr. Isadore Jones,Mr.IsadoreJones9,PST,false
Bernadine Grady,BernadineGrady5,PST,false
Darryl Prosacco,DarrylProsacco3,PST,false
Jamir Shields,JamirShields3,PST,false
Darion Willms,DarionWillms6,PST,false
Olen Hintz IV,OlenHintzIV9,PST,false
Barbara Stehr Jr.,BarbaraStehrJr.9,PST,false
Clair Greenfelder DVM,ClairGreenfelderDVM3,PST,false
Dr. Bernice Rempel,Dr.BerniceRempel4,PST,true
Leola Buckridge,LeolaBuckridge5,PST,false
Johnpaul Mitchell MD,JohnpaulMitchellMD4,PST,false
Ms. Eliseo West,Ms.EliseoWest8,PST,false
Marquise Parisian,MarquiseParisian8,PST,false
Dock Sipes,DockSipes3,PST,false
Lisette Medhurst,LisetteMedhurst9,PST,true
Al Legros,AlLegros4,PST,false
Ms. Fausto Monahan,Ms.FaustoMonahan4,PST,false
Ms. Ludie Jenkins,Ms.LudieJenkins7,PST,false
Gerda Cremin,GerdaCremin6,PST,false
Sanford Mitchell,SanfordMitchell4,PST,false
Earlene Turner,EarleneTurner0,PST,false
Jessy McLaughlin Jr.,JessyMcLaughlinJr.2,PST,false
Mr. Daisha Graham,Mr.DaishaGraham0,PST,false
Georgiana Hettinger,GeorgianaHettinger4,PST,false
Kelvin Kuhic,KelvinKuhic3,PST,false
Brendan Spencer,BrendanSpencer9,PST,false
Claudie Dickinson,ClaudieDickinson7,PST,false
Liana Johnson,LianaJohnson1,PST,false
Rory Shields,RoryShields4,PST,false
Odie Dibbert,OdieDibbert2,PST,false
Paris Roberts MD,ParisRobertsMD5,PST,false
Dexter Bode,DexterBode6,PST,false
Guiseppe VonRueden,GuiseppeVonRueden5,PST,false
Chelsey Tillman,ChelseyTillman0,PST,false
Rusty Stamm,RustyStamm5,PST,false
Antonia Parisian,AntoniaParisian4,PST,false
Lila Wisozk II,LilaWisozkII4,PST,false
Zula Oberbrunner,ZulaOberbrunner5,PST,false
Danial Larkin,DanialLarkin7,PST,false
Mr. Julius Murazik,Mr.JuliusMurazik7,PST,false
Gaetano Hintz,GaetanoHintz0,PST,false
Ashlee Reinger,AshleeReinger5,PST,true
Jamel Stanton MD,JamelStantonMD5,PST,false
Orrin Cormier,OrrinCormier5,PST,false
Mrs. Kris Nicolas,Mrs.KrisNicolas7,PST,false
German Wilderman,GermanWilderman0,PST,true
Tanya Kessler,TanyaKessler8,PST,false
Mrs. Floyd Baumbach,Mrs.FloydBaumbach4,PST,false
Jada Bogisich,JadaBogisich5,PST,false
Cortney Koelpin,CortneyKoelpin9,PST,false
Judd Lebsack,JuddLebsack7,PST,false
Douglas Tremblay,DouglasTremblay2,PST,false
Garrett Olson,GarrettOlson7,PST,false
Willy Feest,WillyFeest5,PST,false
Dorcas Treutel,DorcasTreutel8,PST,false
Eliza Gusikowski,ElizaGusikowski4,PST,false
Marilyne Walker,MarilyneWalker0,PST,true
Orin Will,OrinWill4,PST,false
Miss Trinity Lehner,MissTrinityLehner1,PST,false
Mireya Kihn Jr.,MireyaKihnJr.1,PST,false
Wilhelm Lueilwitz,WilhelmLueilwitz1,PST,false
Mr. Lois Altenwerth,Mr.LoisAltenwerth2,PST,false
Asa Heathcote,AsaHeathcote9,PST,false
Cornell Halvorson,CornellHalvorson2,PST,false
Ms. Kirk Beahan,Ms.KirkBeahan5,PST,false
Miss Lincoln Schneider,MissLincolnSchneider6,PST,true
Kendra Keeling Jr.,KendraKeelingJr.1,PST,false
Dr. Akeem Spinka,Dr.AkeemSpinka0,PST,false
Chelsie Daniel,ChelsieDaniel9,PST,false
Mekhi Carroll II,MekhiCarrollII2,PST,false
Rolando Marquardt,RolandoMarquardt8,PST,false
Loma Marks,LomaMarks7,PST,false
Mr. Orland Jones,Mr.OrlandJones5,PST,true
Madilyn Ebert,MadilynEbert3,PST,false
Dr. Theo Schoen,Dr.TheoSchoen2,PST,false
Domenick Cremin,DomenickCremin4,PST,false
Sydney McKenzie,SydneyMcKenzie0,PST,false
Zander Nicolas,ZanderNicolas5,PST,false
Nathaniel Carroll,NathanielCarroll6,PST,false
Maci Treutel,MaciTreutel0,PST,false
Idella Green,IdellaGreen0,PST,false
Claudie Hintz V,ClaudieHintzV9,PST,false
"Alene O'Conner","AleneO'Conner4",PST,true
Reta Schuster,RetaSchuster0,PST,true
Benny Hintz,BennyHintz8,PST,true
Jarvis Mertz,JarvisMertz8,PST,false
Noble Bergstrom,NobleBergstrom8,PST,false
Miss Helena Feil,MissHelenaFeil3,PST,false
Lora Von,LoraVon7,PST,false
Corene Brakus,CoreneBrakus8,PST,false
Milton Jacobs III,MiltonJacobsIII7,PST,false
Walker Rippin,WalkerRippin3,PST,false
Kristina Hammes,KristinaHammes5,PST,false
Bridgette Dickens,BridgetteDickens4,PST,false
Judge Corkery,JudgeCorkery5,PST,false
Elvie Johnson,ElvieJohnson2,PST,false
Webster Hegmann,WebsterHegmann8,PST,false
Marcos Kihn,MarcosKihn6,PST,false
Duane Cremin,DuaneCremin8,PST,false
Raegan Macejkovic,RaeganMacejkovic2,PST,false
Sarai Bogisich,SaraiBogisich1,PST,false
Carlee Waters DDS,CarleeWatersDDS9,PST,false
Geraldine Sporer,GeraldineSporer8,PST,false
Jackson Schaefer,JacksonSchaefer5,PST,false
Westley Hammes,WestleyHammes9,PST,false
Mrs. Alyson Brown,Mrs.AlysonBrown8,PST,false
Reynold Langworth,ReynoldLangworth2,PST,false
Naomie Hackett,NaomieHackett0,PST,false
Garrick Collins,GarrickCollins3,PST,true
Eliezer Schmidt DVM,EliezerSchmidtDVM3,PST,false
Mrs. Deanna Pagac,Mrs.DeannaPagac9,PST,false
Chloe Nolan I,ChloeNolanI5,PST,false
Yasmine Sanford,YasmineSanford4,PST,false
Ibrahim Ritchie II,IbrahimRitchieII1,PST,false
Burdette Kemmer,BurdetteKemmer8,PST,true
Esmeralda Volkman,EsmeraldaVolkman7,PST,false
Arden Schowalter,ArdenSchowalter4,PST,false
Domenic Hahn,DomenicHahn3,PST,false
Lonzo White,LonzoWhite1,PST,false
Mrs. Orrin Williamson,Mrs.OrrinWilliamson5,PST,false
Tremaine Labadie,TremaineLabadie6,PST,false
Dr. Eleazar Dietrich,Dr.EleazarDietrich2,PST,false
Emmy Hoppe,EmmyHoppe7,PST,false
"Nels O'Connell","NelsO'Connell2",PST,false
Kariane Thompson II,KarianeThompsonII0,PST,false
"Bo O'Connell","BoO'Connell3",PST,false
Eldred Kling PhD,EldredKlingPhD9,PST,false
Mervin Murazik,MervinMurazik5,PST,false
Darian Volkman Jr.,DarianVolkmanJr.4,PST,false
Arch Hartmann,ArchHartmann7,PST,false
Okey Heidenreich,OkeyHeidenreich8,PST,false
Dr. Shanel Monahan,Dr.ShanelMonahan1,PST,false
Willis Walter PhD,WillisWalterPhD0,PST,false
Ludwig Wilkinson,LudwigWilkinson4,PST,false
Hal Gaylord,HalGaylord1,PST,false
Chelsey Reinger,ChelseyReinger6,PST,false
"Dr. Abbie O'Kon","Dr.AbbieO'Kon0",PST,false
Ms. Clifford Miller,Ms.CliffordMiller1,PST,false
Derrick Klein,DerrickKlein3,PST,false
Myrtice Grimes,MyrticeGrimes0,PST,false
Kenyatta Kuhn,KenyattaKuhn8,PST,false
Saige Daniel,SaigeDaniel5,PST,false
Frederique Beahan,FrederiqueBeahan5,PST,true
Bradford Reynolds,BradfordReynolds0,PST,false
Tiara Will,TiaraWill3,PST,false
Julie Denesik,JulieDenesik8,PST,false
Kimberly Thiel,KimberlyThiel8,PST,false
Lourdes Kub,LourdesKub2,PST,false
Ellen Larkin,EllenLarkin9,PST,false
Demarcus Krajcik,DemarcusKrajcik4,PST,false
Dashawn Haley,DashawnHaley0,PST,true
Mireya Franecki,MireyaFranecki8,PST,false
Sophie Block,SophieBlock3,PST,false
Noemy Labadie,NoemyLabadie2,PST,false
Alisha Ziemann,AlishaZiemann3,PST,false
Laurie Gutkowski,LaurieGutkowski1,PST,false
Mrs. Hertha Gislason,Mrs.HerthaGislason0,PST,false
Ciara Kessler,CiaraKessler3,PST,false
Carter Russel,CarterRussel8,PST,false
Ewald Jacobi,EwaldJacobi5,PST,false
Glenna Stehr,GlennaStehr4,PST,false
Alf Ondricka,AlfOndricka6,PST,false
Lyla White,LylaWhite1,PST,false
Kaelyn Aufderhar,KaelynAufderhar1,PST,false
Hadley Lang,HadleyLang4,PST,false
Mr. Elbert Weber,Mr.ElbertWeber9,PST,false
Hulda Reichel,HuldaReichel9,PST,false
Emelia Wintheiser,EmeliaWintheiser1,PST,false
Delmer Mante,DelmerMante5,PST,false
Nathaniel Collins V,NathanielCollinsV2,PST,false
Norwood Mitchell,NorwoodMitchell3,PST,false
Paula Bode,PaulaBode7,PST,false
Garfield Padberg,GarfieldPadberg9,PST,false
Brody Stoltenberg II,BrodyStoltenbergII6,PST,false
Linnea Howe,LinneaHowe2,PST,false
Maximus Osinski,MaximusOsinski9,PST,false
Gabriel Nicolas,GabrielNicolas7,PST,false
Susanna Langworth MD,SusannaLangworthMD8,PST,false
Ms. Luigi Fisher,Ms.LuigiFisher6,PST,false
Breanne Morar,BreanneMorar8,PST,false
Dax Zboncak,DaxZboncak0,PST,true
Jasen Gutkowski,JasenGutkowski9,PST,false
Vivian Reichert,VivianReichert2,PST,false
Mrs. Juanita Bahringer,Mrs.JuanitaBahringer8,PST,false
Marlene Gibson DVM,MarleneGibsonDVM9,PST,false
Taylor Gorczany,TaylorGorczany1,PST,false
Vella Rippin,VellaRippin5,PST,false
Pietro Schultz,PietroSchultz3,PST,false
Jodie Adams,JodieAdams9,PST,false
Ashlynn Vandervort,AshlynnVandervort7,PST,false
Lizeth Kessler,LizethKessler4,PST,false
Lindsay Gerlach,LindsayGerlach8,PST,false
Brenden West,BrendenWest9,PST,false
Jaida Pacocha,JaidaPacocha9,PST,false
Dr. Vickie Gerhold,Dr.VickieGerhold4,PST,false
Weston Cummings,WestonCummings7,PST,false
Ali Veum,AliVeum3,PST,false
Fatima Kuhic,FatimaKuhic6,PST,false
Norma Ruecker,NormaRuecker5,PST,false
Adell Kessler,AdellKessler5,PST,false
"Delores O'Hara","DeloresO'Hara9",PST,true
Delores Pacocha,DeloresPacocha8,PST,false
Tressie Altenwerth V,TressieAltenwerthV1,PST,false
Brando Feest,BrandoFeest9,PST,false
Nat Nienow,NatNienow3,PST,false
Jaquan Runte,JaquanRunte2,PST,true
Scarlett Baumbach II,ScarlettBaumbachII5,PST,false
Tom Weimann,TomWeimann9,PST,false
Dr. Urban Swift,Dr.UrbanSwift1,PST,false
Ransom Howell,RansomHowell1,PST,false
Drake Mitchell,DrakeMitchell3,PST,false
Edna Russel,EdnaRussel2,PST,false
Holly Cummerata,HollyCummerata4,PST,false
Camryn Fritsch,CamrynFritsch1,PST,false
Marilie Streich,MarilieStreich0,PST,false
Dr. Nicola Wilderman,Dr.NicolaWilderman1,PST,false
Brock Fadel,BrockFadel3,PST,false
Iliana Bartell,IlianaBartell9,PST,false
Annamarie Bergstrom,AnnamarieBergstrom7,PST,false
Retha Christiansen,RethaChristiansen0,PST,false
Mr. Richie Buckridge,Mr.RichieBuckridge3,PST,false
Katarina Ritchie,KatarinaRitchie4,PST,false
Monserrate Mraz I,MonserrateMrazI4,PST,true
Dr. Carmela Schuppe,Dr.CarmelaSchuppe8,PST,false
Santa Miller,SantaMiller4,PST,false
Jarrod Barton,JarrodBarton4,PST,false
Ethan Rau,EthanRau8,PST,false
Aron Abshire,AronAbshire9,PST,false
Camilla Labadie Sr.,CamillaLabadieSr.8,PST,false
Ricky Kling,RickyKling8,PST,false
Reilly Windler,ReillyWindler8,PST,false
Reymundo Cormier,ReymundoCormier8,PST,false
Marina King,MarinaKing5,PST,false
Rupert Collins,RupertCollins9,PST,false
Gail Schamberger,GailSchamberger1,PST,false
Napoleon Hamill,NapoleonHamill6,PST,false
Gwendolyn Grady,GwendolynGrady2,PST,false
Lolita Schmitt,LolitaSchmitt5,PST,false
"Rosa O'Kon","RosaO'Kon1",PST,false
Fannie Labadie,FannieLabadie3,PST,true
Jessyca Bernhard,JessycaBernhard0,PST,false
Marianna Connelly Sr.,MariannaConnellySr.6,PST,true
Susan Stroman,SusanStroman1,PST,false
Isac Purdy,IsacPurdy8,PST,false
Kayden Sanford PhD,KaydenSanfordPhD0,PST,false
Janessa Baumbach,JanessaBaumbach9,PST,false
Caterina Koch DDS,CaterinaKochDDS4,PST,false
Amanda Gottlieb,AmandaGottlieb8,PST,false
Miss Eloisa Fritsch,MissEloisaFritsch9,PST,false
Elissa Cassin,ElissaCassin5,PST,false
"Camden O'Connell","CamdenO'Connell4",PST,false
Marie Skiles,MarieSkiles3,PST,false
Melody Kassulke,MelodyKassulke3,PST,false
Olin Jakubowski,OlinJakubowski3,PST,false
Mrs. Mauricio Lynch,Mrs.MauricioLynch1,PST,false
"Elisabeth O'Reilly III","ElisabethO'ReillyIII6",PST,false
Ward Adams II,WardAdamsII8,PST,false
Kennith Howe,KennithHowe6,PST,false
Kennedy Ferry,KennedyFerry9,PST,false
Meta Mayert,MetaMayert6,PST,false
Amos Ruecker DVM,AmosRueckerDVM4,PST,false
Don Wintheiser,DonWintheiser4,PST,false
Bethel Cassin,BethelCassin0,PST,false
Derick Cronin,DerickCronin8,PST,false
Franz Carter,FranzCarter6,PST,false
Bret MacGyver,BretMacGyver0,PST,false
Sonia Dach,SoniaDach9,PST,false
General Gottlieb,GeneralGottlieb5,PST,false
Madalyn Schaefer,MadalynSchaefer6,PST,false
Stacey Rolfson,StaceyRolfson3,PST,false
Cordie Wisoky,CordieWisoky4,PST,false
Deondre Beer Jr.,DeondreBeerJr.9,PST,false
Treva Emmerich,TrevaEmmerich8,PST,false
Scottie Daugherty PhD,ScottieDaughertyPhD0,PST,false
Scot Jast,ScotJast7,PST,false
Brooke Lueilwitz,BrookeLueilwitz3,PST,false
Edyth Welch,EdythWelch3,PST,false
Elnora Gaylord,ElnoraGaylord7,PST,false
Roslyn Parisian,RoslynParisian4,PST,false
Jermaine Ortiz,JermaineOrtiz4,PST,false
Wyman McClure,WymanMcClure8,PST,false
Quinton Lesch,QuintonLesch5,PST,false
Milford Gleason,MilfordGleason1,PST,false
Dr. Maye Turcotte,Dr.MayeTurcotte7,PST,false
Joey Mills,JoeyMills3,PST,false
Gene Quitzon III,GeneQuitzonIII6,PST,false
Terry Schumm,TerrySchumm5,PST,false
Jayde Pacocha DDS,JaydePacochaDDS7,PST,false
Maribel Becker,MaribelBecker9,PST,false
Herminio Mraz,HerminioMraz7,PST,false
Elvis Nienow,ElvisNienow1,PST,true
Cleta Gleason,CletaGleason8,PST,true
Susie Hahn,SusieHahn2,PST,false
Tillman Lemke,TillmanLemke6,PST,false
Genesis Kihn,GenesisKihn9,PST,false
Lorna Fadel,LornaFadel9,PST,false
Caesar Muller,CaesarMuller0,PST,false
Mrs. Christina Aufderhar,Mrs.ChristinaAufderhar7,PST,false
Mrs. Woodrow Lemke,Mrs.WoodrowLemke1,PST,false
Rahul Morissette,RahulMorissette4,PST,false
Haskell Ernser,HaskellErnser9,PST,false
Keira Medhurst,KeiraMedhurst1,PST,false
Skylar Prohaska,SkylarProhaska7,PST,false
Mr. Jeanne Stiedemann,Mr.JeanneStiedemann3,PST,false
Blanche Altenwerth II,BlancheAltenwerthII3,PST,false
Ansel McDermott,AnselMcDermott3,PST,false
Maida Crist,MaidaCrist9,PST,false
Miss Brendan Gulgowski,MissBrendanGulgowski1,PST,false
Austyn Bechtelar,AustynBechtelar2,PST,false
Thad Wilderman MD,ThadWildermanMD5,PST,false
Shayna Walter,ShaynaWalter7,PST,false
Fabian Buckridge DDS,FabianBuckridgeDDS7,PST,false
Hyman Orn,HymanOrn6,PST,false
Shanel Emard PhD,ShanelEmardPhD5,PST,false
Terrill Shields,TerrillShields5,PST,false
Ms. Tod Bartell,Ms.TodBartell4,PST,false
Sean Morissette,SeanMorissette9,PST,false
"Iva O'Kon","IvaO'Kon2",PST,false
Annalise Langworth,AnnaliseLangworth4,PST,false
Coralie Shields V,CoralieShieldsV6,PST,false
Dr. Alfred Anderson,Dr.AlfredAnderson7,PST,false
Miss Luther Fahey,MissLutherFahey8,PST,false
Luciano Metz,LucianoMetz8,PST,true
Cade VonRueden,CadeVonRueden4,PST,false
Marco Stracke,MarcoStracke7,PST,false
Meda Boehm,MedaBoehm5,PST,false
Elroy Greenholt,ElroyGreenholt4,PST,false
Ms. Reanna Russel,Ms.ReannaRussel1,PST,false
Shirley Nienow,ShirleyNienow7,PST,false
Marielle Bergstrom,MarielleBergstrom7,PST,false
"Dr. Adelbert O'Keefe","Dr.AdelbertO'Keefe8",PST,false
Ozella Tillman V,OzellaTillmanV6,PST,false
Miss Queenie Hansen,MissQueenieHansen9,PST,false
Miss Roxane Erdman,MissRoxaneErdman1,PST,false
Jaleel Wehner,JaleelWehner4,PST,false
Albertha Christiansen,AlberthaChristiansen3,PST,false
Gene Jaskolski,GeneJaskolski4,PST,false
Summer Ullrich,SummerUllrich9,PST,false
Ms. Elenora Will,Ms.ElenoraWill0,PST,false
Haylie Bins,HaylieBins1,PST,false
Trevor Schuster,TrevorSchuster8,PST,false
Javon Abernathy,JavonAbernathy5,PST,false
Deondre Boyer,DeondreBoyer7,PST,false
Brisa McKenzie,BrisaMcKenzie5,PST,false
Thelma Hegmann,ThelmaHegmann3,PST,false
Antonia Dare,AntoniaDare2,PST,false
Madilyn Cummings,MadilynCummings9,PST,false
Cheyanne Hickle,CheyanneHickle2,PST,false
Hertha Wilderman,HerthaWilderman0,PST,false
Jackie Little,JackieLittle9,PST,false
Audrey Leuschke,AudreyLeuschke7,PST,false
Maximo Crist,MaximoCrist2,PST,false
Trudie Crist,TrudieCrist8,PST,false
Braxton Huel,BraxtonHuel5,PST,false
Jarrell Mohr,JarrellMohr7,PST,false
Miss Eveline Crooks,MissEvelineCrooks5,PST,false
Madonna Johnston,MadonnaJohnston8,PST,false
Macey Klein,MaceyKlein5,PST,false
Una Doyle,UnaDoyle1,PST,false
Jeanne Rohan,JeanneRohan0,PST,false
Maggie Huel,MaggieHuel9,PST,false
Destini Mills,DestiniMills7,PST,false
Keanu Langosh,KeanuLangosh3,PST,false
Thurman Pfannerstill,ThurmanPfannerstill7,PST,false
Leonel Farrell V,LeonelFarrellV2,PST,false
Adriel Bode,AdrielBode4,PST,false
Tremayne Hermann,TremayneHermann4,PST,false
Zachary Hintz I,ZacharyHintzI2,PST,false
Mr. Carol Lakin,Mr.CarolLakin3,PST,false
Andreanne Johnson,AndreanneJohnson8,PST,false
Casper Mosciski,CasperMosciski4,PST,false
Oma Mayert DVM,OmaMayertDVM9,PST,false
Jason Mann,JasonMann2,PST,false
Braxton Leannon,BraxtonLeannon0,PST,false
Leon Corkery,LeonCorkery7,PST,false
Zackary Schinner,ZackarySchinner8,PST,false
Terrell Stark,TerrellStark4,PST,false
Leta Lang,LetaLang2,PST,false
Amara Schmitt,AmaraSchmitt2,PST,false
Ms. Kelley Wisozk,Ms.KelleyWisozk4,PST,false
Lorna Grant,LornaGrant9,PST,false
Francesco VonRueden,FrancescoVonRueden2,PST,false
Bella Collins,BellaCollins4,PST,true
Rose Skiles,RoseSkiles3,PST,true
Novella McDermott,NovellaMcDermott2,PST,false
Flavie Mosciski,FlavieMosciski8,PST,false
Rubie Moore,RubieMoore4,PST,false
Nathanael Blick,NathanaelBlick0,PST,false
Geovanny Rodriguez,GeovannyRodriguez4,PST,false
Marty Koelpin PhD,MartyKoelpinPhD5,PST,false
Margaret Wiza,MargaretWiza6,PST,false
Anabelle Nolan,AnabelleNolan4,PST,false
Dr. Yvette Runolfsdottir,Dr.YvetteRunolfsdottir9,PST,false
Terence Haley,TerenceHaley7,PST,false
Estell Abernathy,EstellAbernathy8,PST,false
Elton Krajcik,EltonKrajcik5,PST,false
Bertha White,BerthaWhite2,PST,false
Miss Junior Mraz,MissJuniorMraz7,PST,false
Foster Windler,FosterWindler1,PST,false
Augusta West,AugustaWest2,PST,false
Madyson Hodkiewicz,MadysonHodkiewicz8,PST,false
Cara Mosciski,CaraMosciski7,PST,false
Mylene Haag,MyleneHaag6,PST,false
Nellie Heller,NellieHeller0,PST,false
Linwood Trantow,LinwoodTrantow5,PST,false
Johnathan Wiza,JohnathanWiza9,PST,false
Walter Terry,WalterTerry6,PST,false
Furman Bernier,FurmanBernier0,PST,false
Ms. Maximillian Schinner,Ms.MaximillianSchinner4,PST,false
Sigrid Altenwerth,SigridAltenwerth1,PST,false
Axel Wintheiser,AxelWintheiser2,PST,false
Paula Boyle,PaulaBoyle0,PST,true
Zackery Kiehn,ZackeryKiehn9,PST,true
Korbin Murray,KorbinMurray0,PST,false
Vincent Kutch,VincentKutch3,PST,false
Pamela Wehner,PamelaWehner9,PST,false
Miss Brionna Schneider,MissBrionnaSchneider6,PST,false
Vance Hoeger,VanceHoeger9,PST,false
Trey Hane,TreyHane0,PST,false
Mrs. Morgan Toy,Mrs.MorganToy1,PST,true
Jerald Hyatt,JeraldHyatt1,PST,false
Molly Swaniawski,MollySwaniawski9,PST,false
Danielle Lebsack,DanielleLebsack3,PST,false
Miss Amie Hane,MissAmieHane5,PST,false
Eveline Wilderman,EvelineWilderman1,PST,false
"Al O'Keefe Sr.","AlO'KeefeSr.3",PST,false
Gunner Abernathy,GunnerAbernathy4,PST,false
Alejandra Harber,AlejandraHarber7,PST,false
Destin Kertzmann,DestinKertzmann3,PST,false
Madeline Hamill,MadelineHamill6,PST,false
Eloisa McLaughlin PhD,EloisaMcLaughlinPhD3,PST,false
Toby Kiehn,TobyKiehn3,PST,false
Fidel Becker,FidelBecker6,PST,false
Krista Rau,KristaRau5,PST,false
Marcos Blick,MarcosBlick8,PST,false
Markus Dach,MarkusDach6,PST,true
Blake Rau,BlakeRau6,PST,false
Mr. Jace Towne,Mr.JaceTowne5,PST,true
Josefina Tillman,JosefinaTillman6,PST,false
Kacie Corwin,KacieCorwin5,PST,false
Stefan Anderson,StefanAnderson1,PST,false
Marianne Marvin,MarianneMarvin9,PST,false
Cade Pollich,CadePollich2,PST,false
Micah Crist IV,MicahCristIV9,PST,false
Miss Shania Schoen,MissShaniaSchoen2,PST,false
Romaine Brakus,RomaineBrakus4,PST,true
Estefania Mayer,EstefaniaMayer5,PST,false
Lenny Moore,LennyMoore8,PST,false
Jordy Bernier,JordyBernier7,PST,false
Alexanne Simonis,AlexanneSimonis7,PST,false
Juwan Anderson,JuwanAnderson0,PST,false
Ms. Constance Borer,Ms.ConstanceBorer8,PST,false
Ben Erdman,BenErdman3,PST,false
Emerald Moen,EmeraldMoen8,PST,false
Carli Harvey,CarliHarvey9,PST,false
Mortimer Streich,MortimerStreich6,PST,false
Leta Goodwin,LetaGoodwin0,PST,false
Gaylord Greenfelder,GaylordGreenfelder3,PST,false
Rudy Jacobi,RudyJacobi8,PST,false
Cortez Trantow,CortezTrantow4,PST,false
Mrs. Josefa Stiedemann,Mrs.JosefaStiedemann4,PST,false
Mylene Harris PhD,MyleneHarrisPhD2,PST,true
Milton Beatty,MiltonBeatty6,PST,false
Harrison Price,HarrisonPrice8,PST,false
Keven Nikolaus,KevenNikolaus8,PST,false
Darwin Ratke,DarwinRatke9,PST,true
Ivy Heaney MD,IvyHeaneyMD0,PST,false
Alexandro Fahey V,AlexandroFaheyV8,PST,false
Gabriella Funk,GabriellaFunk0,PST,false
Thaddeus Moore V,ThaddeusMooreV8,PST,false
Erick Marquardt,ErickMarquardt5,PST,false
Leanna Cartwright,LeannaCartwright1,PST,false
Lonny Hackett,LonnyHackett4,PST,false
Davonte Grady II,DavonteGradyII9,PST,false
Mathilde Gibson Sr.,MathildeGibsonSr.5,PST,false
Dr. Lauretta Schimmel,Dr.LaurettaSchimmel6,PST,false
Kylee Leuschke,KyleeLeuschke4,PST,false
Guadalupe Keebler,GuadalupeKeebler6,PST,false
Elouise Kertzmann DVM,ElouiseKertzmannDVM2,PST,false
Maryjane Borer,MaryjaneBorer8,PST,false
Milford Osinski,MilfordOsinski2,PST,false
Rahul Mitchell,RahulMitchell1,PST,false
Elissa Zulauf,ElissaZulauf3,PST,false
Marianna Gerhold,MariannaGerhold6,PST,false
Christian McCullough,ChristianMcCullough8,PST,false
Jerad Schowalter,JeradSchowalter7,PST,false
Brennan Bayer,BrennanBayer4,PST,true
Ettie McLaughlin,EttieMcLaughlin2,PST,true
Brady Sanford,BradySanford7,PST,false
Vita Stark,VitaStark5,PST,false
Mrs. Estel Vandervort,Mrs.EstelVandervort0,PST,false
Bulah Friesen,BulahFriesen8,PST,false
Nikki West,NikkiWest4,PST,false
Heber Hettinger,HeberHettinger1,PST,false
Efrain Steuber I,EfrainSteuberI8,PST,false
Lyda Hegmann,LydaHegmann1,PST,false
Shanel Cummerata,ShanelCummerata6,PST,false
Miss Beryl Denesik,MissBerylDenesik0,PST,false
Nikita Beer,NikitaBeer6,PST,false
Aurelio Bartell III,AurelioBartellIII2,PST,true
Margarita Cruickshank,MargaritaCruickshank5,PST,false
Jodie Lemke,JodieLemke7,PST,false
Celine Cassin,CelineCassin0,PST,false
Deanna Feeney,DeannaFeeney3,PST,false
Melba Moore,MelbaMoore1,PST,false
Kimberly Christiansen,KimberlyChristiansen0,PST,false
Miss Domingo Ratke,MissDomingoRatke1,PST,false
Braeden Wilkinson,BraedenWilkinson3,PST,true
Zoey Rutherford,ZoeyRutherford3,PST,false
Travon Smitham,TravonSmitham5,PST,false
Prudence Sipes,PrudenceSipes7,PST,false
Miss Emmett Raynor,MissEmmettRaynor4,PST,false
Deja Steuber,DejaSteuber4,PST,false
Coy Towne,CoyTowne7,PST,false
Leland Bartell,LelandBartell7,PST,false
Kaitlin Wyman,KaitlinWyman5,PST,false
Jordyn Gibson,JordynGibson4,PST,false
Coralie Lehner,CoralieLehner9,PST,false
Mr. Janis Crist,Mr.JanisCrist7,PST,false
Rickie Stehr,RickieStehr5,PST,false
Autumn Bergnaum,AutumnBergnaum8,PST,false
Melvina Wiza,MelvinaWiza3,PST,false
Afton Brekke,AftonBrekke6,PST,false
Angelo West,AngeloWest0,PST,false
Gregg Turcotte,GreggTurcotte2,PST,false
Bryce Krajcik,BryceKrajcik4,PST,false
Lucienne Schaden,LucienneSchaden1,PST,false
Dell Beier,DellBeier5,PST,false
Maeve Greenholt DDS,MaeveGreenholtDDS1,PST,false
Luis Waters,LuisWaters7,PST,false
Russel Williamson,RusselWilliamson5,PST,false
Hyman Ledner,HymanLedner2,PST,false
Mr. Daija Murray,Mr.DaijaMurray6,PST,false
Tristian Kirlin,TristianKirlin3,PST,false
Mr. Alba Mayert,Mr.AlbaMayert1,PST,false
Gerard Reynolds,GerardReynolds5,PST,false
Bertram Kuhlman,BertramKuhlman8,PST,true
Brett Kerluke,BrettKerluke0,PST,false
Sigmund Lemke,SigmundLemke3,PST,false
Randall Skiles,RandallSkiles3,PST,false
Zion Jerde,ZionJerde3,PST,false
Gillian Kris,GillianKris1,PST,false
Malinda Lebsack,MalindaLebsack0,PST,false
Trace Leuschke,TraceLeuschke2,PST,false
Jacinto Sawayn,JacintoSawayn7,PST,false
Ms. Dedrick Hagenes,Ms.DedrickHagenes5,PST,false
Larry Murray,LarryMurray1,PST,false
Faustino Stiedemann,FaustinoStiedemann0,PST,false
Theodore Legros,TheodoreLegros4,PST,false
Alexandre Torp,AlexandreTorp2,PST,false
Lambert Okuneva,LambertOkuneva6,PST,false
Eulah Dickens,EulahDickens9,PST,false
Shemar Emard,ShemarEmard3,PST,false
Rocio Sipes,RocioSipes2,PST,false
Ms. Percival Harvey,Ms.PercivalHarvey0,PST,false
Dr. Alejandrin Murphy,Dr.AlejandrinMurphy9,PST,false
Earnest Buckridge,EarnestBuckridge1,PST,false
Marguerite Jast,MargueriteJast6,PST,false
Schuyler Kuvalis,SchuylerKuvalis6,PST,false
Dayana Prohaska PhD,DayanaProhaskaPhD0,PST,false
Jammie Quigley,JammieQuigley6,PST,false
Mrs. Winnifred Jenkins,Mrs.WinnifredJenkins7,PST,false
Matt Aufderhar,MattAufderhar2,PST,false
Mara Spinka V,MaraSpinkaV1,PST,false
Bryon Satterfield,BryonSatterfield6,PST,false
Adrienne Bradtke Jr.,AdrienneBradtkeJr.4,PST,false
Maeve Mraz,MaeveMraz5,PST,false
Nikolas Schuppe,NikolasSchuppe6,PST,false
Carmela Breitenberg,CarmelaBreitenberg4,PST,false
Mohammad Hilll,MohammadHilll9,PST,false
Brody McDermott,BrodyMcDermott7,PST,false
Asha Sauer,AshaSauer7,PST,false
Zula Padberg,ZulaPadberg4,PST,false
Tressie Koch,TressieKoch2,PST,false
Claudie Boyle,ClaudieBoyle2,PST,false
Eleanore Haley,EleanoreHaley1,PST,false
Everette Lang,EveretteLang3,PST,false
Otis Fahey,OtisFahey1,PST,false
Jeremie Dibbert,JeremieDibbert6,PST,false
Xander Williamson,XanderWilliamson7,PST,false
Quinn Brown,QuinnBrown0,PST,false
"Newton O'Kon","NewtonO'Kon6",PST,false
Ms. Dustin Schmitt,Ms.DustinSchmitt0,PST,false
Missouri Johnson,MissouriJohnson7,PST,false
Amparo Kris,AmparoKris4,PST,false
Arvid Fahey,ArvidFahey4,PST,false
Geovany Powlowski,GeovanyPowlowski0,PST,false
Neoma Mraz,NeomaMraz0,PST,false
Irving Grady,IrvingGrady3,PST,false
Gerda Grimes V,GerdaGrimesV4,PST,false
Vern Hamill,VernHamill7,PST,false
Dedric Renner,DedricRenner6,PST,false
Miss Raquel Senger,MissRaquelSenger8,PST,false
Johnson Windler IV,JohnsonWindlerIV4,PST,false
Oceane Sauer,OceaneSauer4,PST,false
Mr. Westley Sipes,Mr.WestleySipes3,PST,false
Hillary Koelpin,HillaryKoelpin3,PST,false
Maxie Batz,MaxieBatz1,PST,false
Rickey Flatley,RickeyFlatley3,PST,false
Darrell Hickle,DarrellHickle3,PST,false
Amalia Balistreri,AmaliaBalistreri9,PST,true
Marie Gutkowski,MarieGutkowski5,PST,false
Korbin Toy,KorbinToy7,PST,false
Era Heathcote,EraHeathcote3,PST,false
Destin Fay,DestinFay5,PST,false
Regan Larson,ReganLarson7,PST,false
Ms. Elsie Lakin,Ms.ElsieLakin4,PST,false
Katlyn Borer,KatlynBorer5,PST,false
Veronica Bayer,VeronicaBayer2,PST,false
Justus Towne,JustusTowne1,PST,false
Wyatt Crist,WyattCrist3,PST,false
Harry Schuppe,HarrySchuppe8,PST,false
Leonora Farrell,LeonoraFarrell1,PST,false
Tiara Pollich,TiaraPollich5,PST,false
Josianne Runte,JosianneRunte7,PST,false
Elinor Terry,ElinorTerry5,PST,false
Jimmy Stokes,JimmyStokes2,PST,false
Ashton Orn,AshtonOrn7,PST,false
Mr. Lori Crooks,Mr.LoriCrooks0,PST,false
Ms. Vincenzo Rowe,Ms.VincenzoRowe4,PST,false
Zoe Nitzsche Jr.,ZoeNitzscheJr.8,PST,false
Dr. Nelson Ankunding,Dr.NelsonAnkunding0,PST,false
Coralie Miller,CoralieMiller5,PST,false
Frederick Wehner,FrederickWehner0,PST,false
Stuart Blanda,StuartBlanda4,PST,false
Blaise Boyle,BlaiseBoyle0,PST,false
Berenice Thompson,BereniceThompson9,PST,false
June Robel,JuneRobel1,PST,false
Enid Rolfson,EnidRolfson0,PST,false
Tyreek Jaskolski,TyreekJaskolski0,PST,true
Keyshawn Homenick,KeyshawnHomenick6,PST,false
Precious Jones,PreciousJones9,PST,false
Marlon Kulas,MarlonKulas6,PST,false
Ona Lueilwitz,OnaLueilwitz3,PST,false
Elyse Kutch,ElyseKutch2,PST,false
Miss Yoshiko Rodriguez,MissYoshikoRodriguez6,PST,false
Verner Hansen,VernerHansen2,PST,false
Miss Queenie Streich,MissQueenieStreich7,PST,true
Oma Hegmann,OmaHegmann7,PST,false
Cheyenne Hermann,CheyenneHermann2,PST,false
Myrl Treutel Jr.,MyrlTreutelJr.6,PST,false
Twila Quigley,TwilaQuigley7,PST,true
Lloyd Lemke,LloydLemke9,PST,false
Sid Wilkinson I,SidWilkinsonI0,PST,false
Mr. Quincy Robel,Mr.QuincyRobel2,PST,false
Ethan Kemmer,EthanKemmer3,PST,false
Mr. Ronny Turner,Mr.RonnyTurner2,PST,false
Zachary Prohaska,ZacharyProhaska0,PST,false
Valentine Ankunding DDS,ValentineAnkundingDDS9,PST,false
Creola Feeney,CreolaFeeney4,PST,false
Katlyn Klein,KatlynKlein5,PST,false
Florencio Johnston,FlorencioJohnston3,PST,false
Patrick Blanda,PatrickBlanda0,PST,false
Enos Brown,EnosBrown8,PST,false
Selena Wisozk,SelenaWisozk2,PST,false
Cyrus Runolfsson,CyrusRunolfsson8,PST,false
Roscoe Gleichner,RoscoeGleichner5,PST,false
Miss Monserrat McKenzie,MissMonserratMcKenzie2,PST,false
Mr. Mayra Bruen,Mr.MayraBruen6,PST,false
Casey Collier,CaseyCollier0,PST,false
Madeline Dooley,MadelineDooley8,PST,false
Dr. Judy Ratke,Dr.JudyRatke4,PST,false
Kaylee Johnson,KayleeJohnson1,PST,false
Alexandrine Gleichner,AlexandrineGleichner2,PST,false
Jasper Stracke,JasperStracke4,PST,false
Devan Collier,DevanCollier9,PST,false
Carley Davis V,CarleyDavisV2,PST,false
Titus Lang,TitusLang0,PST,false
Kieran Conroy,KieranConroy6,PST,false
Franco Quitzon,FrancoQuitzon9,PST,false
Wilfrid Koch,WilfridKoch5,PST,false
Clement Schiller,ClementSchiller1,PST,false
Ena Mante,EnaMante3,PST,false
Josh Cartwright DDS,JoshCartwrightDDS4,PST,false
Rae Rogahn,RaeRogahn3,PST,false
Yazmin Hand,YazminHand8,PST,true
Katrine Mosciski,KatrineMosciski8,PST,false
Abigail VonRueden,AbigailVonRueden9,PST,false
Catherine Jakubowski,CatherineJakubowski5,PST,false
Branson Wiegand,BransonWiegand1,PST,false
Abigail Nitzsche II,AbigailNitzscheII0,PST,false
Matilda Ankunding,MatildaAnkunding0,PST,false
Raleigh Crist Jr.,RaleighCristJr.9,PST,false
Miss Geoffrey Kuhlman,MissGeoffreyKuhlman4,PST,false
Destinee Mayert,DestineeMayert8,PST,false
Cornell Rath,CornellRath2,PST,false
Vicenta Parisian,VicentaParisian0,PST,false
Fernando Schinner III,FernandoSchinnerIII9,PST,false
Roma Kuhlman,RomaKuhlman4,PST,false
Angel Boehm,AngelBoehm0,PST,false
Mary Luettgen,MaryLuettgen6,PST,false
Elissa Lowe,ElissaLowe4,PST,false
Mr. Verda Ortiz,Mr.VerdaOrtiz0,PST,false
Hobart Osinski DVM,HobartOsinskiDVM3,PST,false
Wade Klein,WadeKlein7,PST,false
Romaine White,RomaineWhite8,PST,false
"Hanna D'Amore","HannaD'Amore5",PST,false
Brycen McGlynn,BrycenMcGlynn8,PST,false
Dr. Jade Vandervort,Dr.JadeVandervort8,PST,false
Marty Lakin PhD,MartyLakinPhD7,PST,false
Mose Welch,MoseWelch6,PST,true
Emily Rath,EmilyRath5,PST,false
Ashton Kuhn,AshtonKuhn5,PST,false
Adelbert Moen DVM,AdelbertMoenDVM0,PST,false
Ms. Mauricio Wiza,Ms.MauricioWiza2,PST,false
Jess Mraz Sr.,JessMrazSr.2,PST,false
Coty Carter IV,CotyCarterIV5,PST,false
Bert Leuschke,BertLeuschke2,PST,false
Zaria Gibson DDS,ZariaGibsonDDS0,PST,false
"Howard O'Keefe","HowardO'Keefe9",PST,false
Clementine Kreiger,ClementineKreiger7,PST,false
Mina Hirthe,MinaHirthe2,PST,true
Wilfred Leffler,WilfredLeffler1,PST,false
Cielo Beer,CieloBeer2,PST,false
Triston Prosacco,TristonProsacco3,PST,false
"Mr. Tom O'Connell","Mr.TomO'Connell2",PST,false
Viva Zulauf,VivaZulauf0,PST,false
Viola Harris,ViolaHarris8,PST,false
Dr. Luz Fisher,Dr.LuzFisher0,PST,false
Wilma Goodwin,WilmaGoodwin2,PST,false
Helena Osinski,HelenaOsinski3,PST,false
Rico Schulist,RicoSchulist2,PST,false
Leora Treutel II,LeoraTreutelII7,PST,false
Rudy Hartmann,RudyHartmann5,PST,false
Adele Botsford,AdeleBotsford7,PST,false
Durward Mayer,DurwardMayer8,PST,false
Stanley Littel,StanleyLittel1,PST,false
Christophe Grimes,ChristopheGrimes7,PST,false
Francisca Baumbach,FranciscaBaumbach7,PST,false
Cristobal Wintheiser,CristobalWintheiser7,PST,false
Antonetta Keebler,AntonettaKeebler7,PST,false
King Russel,KingRussel4,PST,false
Josiah Daugherty,JosiahDaugherty8,PST,false
Jerel Lemke,JerelLemke9,PST,false
Denis Runolfsdottir,DenisRunolfsdottir3,PST,false
Lew Botsford III,LewBotsfordIII2,PST,false
Joesph Treutel,JoesphTreutel0,PST,false
Elvis Volkman,ElvisVolkman5,PST,false
Dr. Jailyn Okuneva,Dr.JailynOkuneva2,PST,false
Adolph Mann,AdolphMann4,PST,false
Lucio Kling,LucioKling3,PST,false
Braxton Grimes,BraxtonGrimes2,PST,false
Winona Herman,WinonaHerman8,PST,false
Breana Beatty,BreanaBeatty0,PST,false
Bernadette Green,BernadetteGreen1,PST,false
Brandt Nicolas,BrandtNicolas0,PST,false
Travon Christiansen,TravonChristiansen7,PST,false
Enid Cole,EnidCole9,PST,false
Forest Robel,ForestRobel7,PST,false
Reba Christiansen,RebaChristiansen7,PST,false
Dessie Parisian,DessieParisian4,PST,false
Rory Koch,RoryKoch0,PST,false
"Aron O'Keefe","AronO'Keefe7",PST,false
Ara Wolf,AraWolf0,PST,false
Mrs. Zetta Zieme,Mrs.ZettaZieme4,PST,false
Howard Cummings,HowardCummings5,PST,false
Miss Everardo Mante,MissEverardoMante0,PST,false
Marcus Hoeger Sr.,MarcusHoegerSr.7,PST,false
Isom Hettinger,IsomHettinger7,PST,false
Vivienne Orn,VivienneOrn7,PST,false
Dr. Reina Shanahan,Dr.ReinaShanahan6,PST,false
Eliane Barton,ElianeBarton4,PST,false
Dejuan Dietrich,DejuanDietrich1,PST,false
Darion Klein,DarionKlein0,PST,false
Alena King,AlenaKing4,PST,false
Fatima Bashirian,FatimaBashirian3,PST,false
Mable Will,MableWill6,PST,false
Marshall Bartell II,MarshallBartellII9,PST,false
Pete Walker,PeteWalker4,PST,false
Roscoe Anderson,RoscoeAnderson7,PST,false
Nikko Bernier,NikkoBernier9,PST,false
Mr. Alvera Yost,Mr.AlveraYost9,PST,false
Nolan Mosciski,NolanMosciski8,PST,false
Erin Senger,ErinSenger4,PST,false
Gayle Heller,GayleHeller0,PST,false
Nasir Rolfson,NasirRolfson6,PST,false
Lloyd Collier II,LloydCollierII9,PST,false
Tristian Bartell,TristianBartell5,PST,false
Gust Lemke,GustLemke2,PST,false
Irving Wyman,IrvingWyman7,PST,false
Orin Russel,OrinRussel6,PST,false
Isabelle Halvorson,IsabelleHalvorson9,PST,false
Earline Jones,EarlineJones6,PST,false
Geovanny Lesch,GeovannyLesch3,PST,false
Ulices Larson,UlicesLarson7,PST,false
Hailie Hartmann,HailieHartmann8,PST,false
Jed MacGyver,JedMacGyver0,PST,false
Kara Johnston,KaraJohnston1,PST,false
Belle Romaguera MD,BelleRomagueraMD2,PST,false
Elwin Daugherty,ElwinDaugherty5,PST,false
Juliet Carter V,JulietCarterV7,PST,false
Elbert Conn,ElbertConn7,PST,false
Candelario Prosacco,CandelarioProsacco9,PST,false
Durward Hauck,DurwardHauck6,PST,false
Miss King Schoen,MissKingSchoen2,PST,false
Mrs. Harrison Marvin,Mrs.HarrisonMarvin2,PST,false
Lois Greenfelder,LoisGreenfelder1,PST,false
Rodger Prohaska,RodgerProhaska2,PST,false
Margarita Collier IV,MargaritaCollierIV7,PST,false
Krista Haley,KristaHaley9,PST,false
Dell Hane,DellHane1,PST,false
Etha Hegmann,EthaHegmann7,PST,false
Ms. Wilson Roob,Ms.WilsonRoob8,PST,false
Alia Rosenbaum,AliaRosenbaum8,PST,false
Ethan Keebler,EthanKeebler8,PST,false
Carmela Batz,CarmelaBatz8,PST,false
Jairo Bednar,JairoBednar9,PST,false
Alfredo Smitham,AlfredoSmitham2,PST,false
Salvador Jerde,SalvadorJerde6,PST,false
Alejandra Blanda,AlejandraBlanda5,PST,false
Kayleigh Howe,KayleighHowe6,PST,false
Billie Thiel,BillieThiel4,PST,false
Eladio Wyman,EladioWyman6,PST,false
Clinton Murazik,ClintonMurazik9,PST,false
Lon Hilpert,LonHilpert4,PST,false
Verda Rutherford,VerdaRutherford0,PST,false
Birdie Schimmel,BirdieSchimmel7,PST,false
Miracle Stracke,MiracleStracke0,PST,false
Mrs. Jakob McKenzie,Mrs.JakobMcKenzie3,PST,false
Adriana Jenkins,AdrianaJenkins6,PST,false
Bret Hagenes,BretHagenes3,PST,false
Alexane Farrell,AlexaneFarrell9,PST,false
Nico Stanton,NicoStanton0,PST,false
Alfred Ernser,AlfredErnser2,PST,false
Emery Abshire Sr.,EmeryAbshireSr.3,PST,false
Ewald Fritsch,EwaldFritsch7,PST,false
Modesto Ernser MD,ModestoErnserMD9,PST,false
Dr. Jo Heaney,Dr.JoHeaney1,PST,false
Blair Predovic,BlairPredovic4,PST,false
River Bernhard,RiverBernhard0,PST,false
Ms. Ariel Rempel,Ms.ArielRempel0,PST,false
Christa Cassin,ChristaCassin4,PST,false
Tommie Koepp,TommieKoepp8,PST,false
Dr. Miguel Russel,Dr.MiguelRussel4,PST,false
Ansley Herman,AnsleyHerman3,PST,false
Evan Mante,EvanMante8,PST,false
Alexandrea Collier,AlexandreaCollier7,PST,false
Arnulfo Ward,ArnulfoWard0,PST,false
Fleta Kozey,FletaKozey8,PST,false
"Jo O'Connell","JoO'Connell3",PST,false
Maud Koelpin,MaudKoelpin7,PST,false
Brandyn Bosco,BrandynBosco4,PST,false
Floyd Beatty,FloydBeatty3,PST,false
Gracie Bernier,GracieBernier9,PST,false
Samir Bogan,SamirBogan3,PST,false
Kaycee Larkin,KayceeLarkin0,PST,false
Rahul Lynch DVM,RahulLynchDVM1,PST,false
Jermain Bergnaum,JermainBergnaum3,PST,false
Ibrahim Williamson,IbrahimWilliamson5,PST,false
Taylor Lakin,TaylorLakin1,PST,false
Mrs. Carolanne Lehner,Mrs.CarolanneLehner6,PST,false
Shawna Beer,ShawnaBeer0,PST,false
Whitney Weissnat,WhitneyWeissnat6,PST,false
Tabitha Ward,TabithaWard7,PST,false
Price Reichel,PriceReichel4,PST,false
Lyda Larkin I,LydaLarkinI0,PST,false
Jonathan Purdy,JonathanPurdy5,PST,false
Hank West,HankWest5,PST,false
Mozelle West,MozelleWest2,PST,false
Burnice Von,BurniceVon6,PST,false
Sandra Rohan,SandraRohan8,PST,false
Alicia Wilderman,AliciaWilderman9,PST,false
Everett Mraz,EverettMraz0,PST,false
Ward Klein,WardKlein0,PST,false
"Alayna O'Hara","AlaynaO'Hara8",PST,false
Lavon Miller,LavonMiller6,PST,false
Heidi Wisozk,HeidiWisozk2,PST,true
Wyman Wiza,WymanWiza2,PST,false
Kendrick Flatley,KendrickFlatley9,PST,false
Kattie Friesen III,KattieFriesenIII6,PST,false
Leif Davis,LeifDavis6,PST,false
Camryn Altenwerth,CamrynAltenwerth9,PST,false
Mercedes Buckridge,MercedesBuckridge7,PST,false
Leann Skiles,LeannSkiles6,PST,false
Priscilla Daniel,PriscillaDaniel1,PST,true
Roy Gottlieb,RoyGottlieb5,PST,false
Oleta Fritsch,OletaFritsch0,PST,false
Graham Stehr PhD,GrahamStehrPhD6,PST,false
Linnie Toy,LinnieToy5,PST,false
Justus Torp I,JustusTorpI2,PST,false
Rosanna Dietrich,RosannaDietrich0,PST,false
Jack Champlin,JackChamplin3,PST,false
Layla Conroy,LaylaConroy6,PST,false
Rebecca Rosenbaum,RebeccaRosenbaum3,PST,false
Evert Jast V,EvertJastV2,PST,false
Brenda Cremin,BrendaCremin7,PST,false
Justen Pollich,JustenPollich3,PST,false
Orlando Hyatt,OrlandoHyatt3,PST,false
Mr. Reyna Sipes,Mr.ReynaSipes6,PST,false
Caleb Stanton,CalebStanton0,PST,false
Maureen Sipes,MaureenSipes2,PST,false
Albert Swift,AlbertSwift1,PST,false
Mrs. Eleanore Sporer,Mrs.EleanoreSporer7,PST,false
Kendall Anderson,KendallAnderson5,PST,false
Madisyn Tremblay,MadisynTremblay1,PST,true
Jeff Tillman,JeffTillman2,PST,false
Ms. Neil Crooks,Ms.NeilCrooks2,PST,false
Alba Mitchell I,AlbaMitchellI2,PST,false
Mrs. Darron Welch,Mrs.DarronWelch9,PST,false
Imelda Hills,ImeldaHills1,PST,false